extracted_text,uid,wiki_link,article_title,topic,question,model_name,model_id,generation_error
"הגישה לשיעורים היא דרך המערכת הממוחשבת, she codes; connect. בארגון יש מעל 200 חברות צוות המתפעלות את המערכת בהתנדבות.
בסוף 2017, השיקו משרד העבודה והר",ec694fbd-2f0b-497a-bbf2-33d1a764519f,https://he.wikipedia.org/wiki/She_codes;,She codes;,Technology,"אילו אתגרים עומדים בפני צוות המתנדבות בתפעול השוטף של מערכת הלמידה, בהתחשב בכך שמדובר בארגון המבוסס כולו על התנדבות?",gemini_3_1_flash_lite,google/gemini-3.1-flash-lite-preview,
"נקודה על השפה של גלגל הפלנטה יוצרת, כאשר היא נעה, עקום אפיציקלואידי.
גלגלי שיניים אפיציקליים קיבלו את שמם מן היישום המוקדם ביותר שלהם, שהוא מידול התנו",87d1dfa4-7cbc-4698-bf77-7c230a03b630,https://he.wikipedia.org/wiki/גלגלי_שיניים_אפיציקליים,גלגלי שיניים אפיציקליים,Technology,באילו תחומים הנדסיים מודרניים נעשה שימוש בגלגלי שיניים אפיציקליים מעבר למידול תנועת גרמי שמיים?,gemini_3_1_flash_lite,google/gemini-3.1-flash-lite-preview,
"דימות תרמי (ידוע גם כרישום חום, הדמאה תרמית, תרמוגרפיה או תרמוגרפיית תת-אדום) הוא תחום מדעי פיזיקלי והנדסי העוסק בדימות, המתבצע על בסיס קליטת קרינה תת",c566b6a0-289e-4bdc-863e-80e313bd8ed0,https://he.wikipedia.org/wiki/דימות_תרמי,דימות תרמי,Technology,מהם האתגרים הטכנולוגיים העיקריים שמגבילים את הדיוק של מצלמות תרמיות בתנאי סביבה קיצוניים?,gemini_3_1_flash_lite,google/gemini-3.1-flash-lite-preview,
"כיום מוחלף השעם לעיתים בחומר פלסטי.
פקק שואב אוויר - לאטימת בקבוקי יין לאחר שימוש חלקי.
פקק ספורט - ניתן לפתיחה באמצעות השיניים בלבד. משווק כמיועד לספ",b3a1d19c-d030-4391-8cb1-e1f2907b3aa5,https://he.wikipedia.org/wiki/בקבוק,בקבוק,Technology,"מדוע לדעתך השעם, שהיה נהוג במשך מאות שנים, מוחלף כיום יותר ויותר בחומרים פלסטיים בתעשיית היין?",gemini_3_1_flash_lite,google/gemini-3.1-flash-lite-preview,
"אם השינוי מתרחש בזמן הארוך בערך פי חמישה מהזמן הקריטי, ההשפעה זניחה. כדי להעריך את ההשפעה בזמן הקרוב לזמן הקריטי הפתרון הוא גרפי - אנליטי ואו פתרון נו",e3f86c0f-0f24-48f1-89cd-d64604cc3bd6,https://he.wikipedia.org/wiki/הלם_מים,הלם מים,Technology,באילו מקרים או מצבים פיזיקליים מעשיים נדרש השימוש בפתרון הגרפי-אנליטי במקום להסתמך על הערכת הקירוב לזמן הארוך?,gemini_3_1_flash_lite,google/gemini-3.1-flash-lite-preview,
עקרון ההפרכה הוא הפתרון של פופר לבעיית האינדוקציה - בעוד שלא ניתן להגיע מאף מקרה למסקנה כוללנית (אינדוקציה) הרי שאפשר לשלול טענה או קביעה על ידי הפרכה,a4f9536d-7f3c-40e3-a46d-7adc0d86faf0,https://he.wikipedia.org/wiki/פילוסופיה_של_המדע,פילוסופיה של המדע,Science,אילו השלכות מעשיות יש לעקרון ההפרכה על מתודולוגיית המחקר במדעי החברה לעומת מדעי הטבע?,gemini_3_1_flash_lite,google/gemini-3.1-flash-lite-preview,
"לדוגמה, החוק השלישי של ניוטון קובע שלכל כוח שמפעיל גוף אחד על גוף אחר מופעל כוח נגדי שווה בגודלו אך הפוך בכיוונו. הצורה השנייה היא כחוק הסתברותי הקובע",1e82bb76-2bb4-4b25-8c23-562049347b3f,https://he.wikipedia.org/wiki/חוק_טבע,חוק טבע,Science,כיצד החוק השלישי של ניוטון בא לידי ביטוי במצבים יומיומיים שבהם גופים אינם נמצאים במגע פיזי ישיר זה עם זה?,gemini_3_1_flash_lite,google/gemini-3.1-flash-lite-preview,
לואי פסטר (1822–1895): אבי המיקרוביולוגיה המודרנית והאימונולוגה. דמיטרי מנדלייב (1834–1907): יצירת הטבלה המחזורית של היסודות. אנטואן לבואזיה (1743–179,713eda79-099d-41da-aa4b-5a8ef2a521fc,https://he.wikipedia.org/wiki/מדע,מדע,Science,כיצד השפיעו התגליות של מדענים אלו על התפיסה המדעית והחברתית ששררה בתקופתם?,gemini_3_1_flash_lite,google/gemini-3.1-flash-lite-preview,
"יש לה גם קשר לפיתוחים טכנולוגיים כמו מנוע הקיטור, מנוע הבעירה הפנימית, קריוגניקה וייצור חשמל. ההשלכות של תרנודינמיקה על תחומים אחרים ממשיכות להחקר במס",12f9f79c-e763-4fea-af56-c2870289dbf6,https://he.wikipedia.org/wiki/מדע_שימושי,מדע שימושי,Science,כיצד לדעתך השפיעה התרמודינמיקה על עיצוב התפיסה המודרנית שלנו לגבי ניצול משאבי אנרגיה וקיימות בעולם המודרני?,gemini_3_1_flash_lite,google/gemini-3.1-flash-lite-preview,
מושג קרוב הוא מדע מאוחד Unified Science - מושג שיש לו משמעויות שונות כמו קשרים בין המדעים או ניסיון לאחד אותם לשפה משותפת. ניתן לסווג את הווריאציות של,87f1d453-dc82-4e16-8302-692afe524bb3,https://he.wikipedia.org/wiki/אחדות_המדע,אחדות המדע,Science,אילו אתגרים עקרוניים מונעים כיום מהמדעים השונים לעבור לשפה מאוחדת אחת?,gemini_3_1_flash_lite,google/gemini-3.1-flash-lite-preview,
"טימונס סבור כי מגמות השיפור נובעות מכך שאימון HIIT משתמש בכ-80% משרירי הגוף, בעוד ריצה קלה ודיווש על אופניים משתמשים בכ-40%.


=== מחלות קרדיו-ואסקולר",7c8b073c-5e90-407d-b7b1-f443885dfd6b,https://he.wikipedia.org/wiki/HIIT,HIIT,Sports,"באילו מנגנונים פיזיולוגיים נוספים, מלבד אחוז השרירים המופעלים, משפיע אימון HIIT לטובה על בריאות הלב וכלי הדם בהשוואה לאימון אירובי מתון?",gemini_3_1_flash_lite,google/gemini-3.1-flash-lite-preview,
"מסביב לזירת הטורניר התקבצו סוחרים, אומנים, פייטנים ובעלי מלאכה שהציעו שירותים שונים וניצלו את הטורניר להציע את מרכולתם.
לגבי האבירים המשתתפים בו היה ה",6706762e-cf56-4cf8-bd17-865cd1bf647b,https://he.wikipedia.org/wiki/טורניר,טורניר,Sports,אילו סוגי אינטראקציות חברתיות או עסקיות התקיימו בין האבירים לבין בעלי המלאכה והסוחרים מחוץ לזירת הטורניר?,gemini_3_1_flash_lite,google/gemini-3.1-flash-lite-preview,
"הילידים בהוואי התעסקו במשחקים וספורט עוד לפני הגעת האירופאים לאזור, כגון משחק דמוי-לקרוס, ריצה ופעילויות אתלטיות אחרות. בני המאיה והאצטקים עסקו אף הם ",0a10849a-1645-4417-acfc-217fc09aaf32,https://he.wikipedia.org/wiki/היסטוריה_של_הספורט,היסטוריה של הספורט,Sports,אילו מאפיינים תרבותיים משותפים גרמו לכך שמשחקים דומים התפתחו בקרב תרבויות כה מרוחקות זו מזו גיאוגרפית?,gemini_3_1_flash_lite,google/gemini-3.1-flash-lite-preview,
"אלו מביאים להיעדר קונפליקטים פנימיים בין האישיות לעיסוק הספורטיבי.
במחקרים נמצא כי ספורטאים צעירים שניחנו בתכונות כגון: חברתיות, יציבות רגשית, אמביציה",e964c731-5ae2-41c1-b3e9-020ad6ce2109,https://he.wikipedia.org/wiki/אישיות_בספורט,אישיות בספורט,Sports,כיצד משפיעה האינטראקציה בין תכונות אלו לבין הסביבה החברתית של הספורטאי על הישגיו לאורך זמן?,gemini_3_1_flash_lite,google/gemini-3.1-flash-lite-preview,
"עם זאת, בקונגרס אופ""א שנערך לאחר מכן נדחתה בקשת החברות של גיברלטר ברוב גדול בעקבות מסע שתדלנות של ספרד, וזאת על אף החלטתו של בית הדין. במקרה אחר, ב-20",905b6a66-11fe-49c2-9655-634862002680,https://he.wikipedia.org/wiki/בית_הדין_לבוררות_בספורט,בית הדין לבוררות בספורט,Sports,"אילו כלים משפטיים או פוליטיים עמדו לרשות פיפ""א או אופ""א כדי להתמודד עם התנגדותן של מדינות בעלות עוצמה פוליטית להחלטות המוסדות השיפוטיים שלהן?",gemini_3_1_flash_lite,google/gemini-3.1-flash-lite-preview,
"אמני אוונגרד משתמשים לעיתים בתבניות נגינה לא שגרתיות בעת הלחנת הנגינה. מקצבי זמן משתנים, שירה לא שגרתית ואף צלילים ואקורדים דיסוננטיים וסולמות חריגים.",d7457b31-0fbc-4835-ab45-bdd4bb658e33,https://he.wikipedia.org/wiki/אוונגרד,אוונגרד,Arts,"אילו גורמים חברתיים או תרבותיים הובילו אמני אוונגרד לאמץ דווקא את השפה המוזיקלית ה""משובשת"" הזו ככלי ביטוי מרכזי?",gemini_3_1_flash_lite,google/gemini-3.1-flash-lite-preview,
"אִלתור, או מלועזית: אימפּרוֹביזציה (Improvisation, או בקיצור Improv - אימפרוב), הוא הפעולה של יצירת דבר חדש ושונה במשך תקופת זמן מסוימת ללא תכנון מקדי",9e4f4b6f-cd1e-4e17-8819-bdd5dcd6d299,https://he.wikipedia.org/wiki/אלתור,אלתור,Arts,"אילו כלים או טכניקות מנטליות יכולים לעזור לאדם לשפר את יכולת האילתור שלו בחיי היומיום, מעבר לתחום האמנותי?",gemini_3_1_flash_lite,google/gemini-3.1-flash-lite-preview,
"תת-סעיף זה מנוסח באופן רחב, ותחולתו מובהרת בהמלצה מס׳ 190 של ה-ILO כך:

עבודה החושפת ילדים לפגיעה פיזית, פסיכולוגית או מינית.
עבודה המצויה מתחת לפני ה",4669c583-b81c-4fc1-8ecd-afda57242e4b,https://he.wikipedia.org/wiki/אמנה_182_לביעור_צורות_העסקה_חמורות_של_ילדים,אמנה 182 לביעור צורות העסקה חמורות של ילדים,Arts,אילו השלכות מעשיות יש לניסוח הרחב של תת-סעיף זה על הליכי אכיפה משפטיים נגד מעסיקים במדינות שבהן חוקי העבודה אינם מוגדרים בצורה חד-משמעית?,gemini_3_1_flash_lite,google/gemini-3.1-flash-lite-preview,
"שילוב זה מסמן את אלוהים כאדם. מרים לובשת בגד כחול ומעליו בגד אדום, שילוב המסמל מתנות אלוהיות שניתנו לאנושות.

צבע צהוב באמנות המסמל פחדנות ובגידה. יסמ",68845084-8ea2-4de4-8fee-ef08f5bf20c2,https://he.wikipedia.org/wiki/אטריבוט_(אמנות),אטריבוט (אמנות),Arts,אילו עוד משמעויות סמליות מיוחסות לצבעים מסוימים בתולדות האמנות המערבית מלבד אלו שצוינו בטקסט?,gemini_3_1_flash_lite,google/gemini-3.1-flash-lite-preview,
"היסטוריונים מסוימים טוענים כי סביר שהאמנות התפתחה בסין זמן-מה לאחר המצאת הנייר בשנת 105 על ידי צאי לון, והגיעה ליפן יחד עם הנייר במאה השישית. עם זאת, ",931f0987-6156-4a7e-b62e-a2b1e902d2dc,https://he.wikipedia.org/wiki/אוריגמי,אוריגמי,Arts,כיצד השפיעו המאפיינים הייחודיים של הנייר שהומצא בסין על צורות הביטוי האמנותיות שהתפתחו בעקבות שימוש בו לעומת חומרי כתיבה קדומים יותר?,gemini_3_1_flash_lite,google/gemini-3.1-flash-lite-preview,
"בנוסף, במאה ה-20 נוצר פיצול בין המבצע, בעל התדמית והמעריצים, לבין היוצר המוזיקלי (המלחין או הכותב) שנותר לעיתים מאחורי הקלעים. הפרדה זו באה לידי ביטוי",a918e5e0-dd4d-40db-aed3-8aef1e2493a7,https://he.wikipedia.org/wiki/מעמד_המוזיקאי_בחברה_המערבית,מעמד המוזיקאי בחברה המערבית,Music,"כיצד השפיע הפיצול הזה על היחס של הקהל למעמדו של המוזיקאי כ""אמן"" בהשוואה לתקופות קודמות שבהן היוצר והמבצע היו לרוב אותו אדם?",gemini_3_1_flash_lite,google/gemini-3.1-flash-lite-preview,
"סולן הוא חבר בלהקה או נגן בתזמורת אשר שר או מנגן את החלק העיקרי של השיר או היצירה. הסולן יכול לנגן על כלי נגינה אחד או יותר.
הסולן בלהקה לעיתים נקרא ה",5e4def34-623b-4784-86b6-b3c73dc2ed2b,https://he.wikipedia.org/wiki/סולן,סולן,Music,באילו מצבים תפקידו של הסולן בלהקה עשוי להשתנות או להפוך למורכב יותר מאשר רק הובלת הקו המלודי המרכזי?,gemini_3_1_flash_lite,google/gemini-3.1-flash-lite-preview,
"או במקרה אחר, תושתת על הסוגה הנקראת תסניף (בפרסית تصنيف בתרגום לעברית: שיר) השייכת למסורת המוזיקה הפרסית-קלאסית אשר מבוצעת על ידי זמר סולן בלווית קמנצ",d5649c40-366e-48c1-b744-b0fc63cee0f2,https://he.wikipedia.org/wiki/מוזיקה_בדת_הבהאית,מוזיקה בדת הבהאית,Music,"כיצד השפיעו המבנה והכללים של ה""תסניף"" על התפתחות המוזיקה הפרסית המודרנית בהשוואה למסורות מוזיקליות קלאסיות אחרות?",gemini_3_1_flash_lite,google/gemini-3.1-flash-lite-preview,
"לִבְרִית, ובלעז לִיבְּרֶטּוֹ (libretto), היא השם הכולל לטקסט של יצירה מוזיקלית ווקאלית-בימתית, כגון: אופרה, אופרטה, אורטוריה או מחזמר.
מקור המילה באיט",2b885901-1500-4af1-82f3-e51ad0f104bf,https://he.wikipedia.org/wiki/לברית,לברית,Music,כיצד השפיעו השינויים בסגנונות המוזיקליים לאורך ההיסטוריה על המבנה והתפקיד של הליברית ביצירות אופראיות?,gemini_3_1_flash_lite,google/gemini-3.1-flash-lite-preview,
"שיר פופ יכול לצבור פופולריות בין לאומית במהלך חופשת הקיץ ועל ידי כך להפוך ללהיט הקיץ המובהק בארצות רבות.


=== זמר של להיט אחד ===
 ערך מורחב – זמר של",ec41933f-cd0e-4a86-916f-fcc26142c638,https://he.wikipedia.org/wiki/להיט,להיט,Music,"אילו גורמים סוציולוגיים או תרבותיים גורמים לשיר מסוים להפוך ל""להיט קיץ"" דווקא בתקופה הזו של השנה, בניגוד לעונות אחרות?",gemini_3_1_flash_lite,google/gemini-3.1-flash-lite-preview,
"המגמה פעלה ספציפית רק באמצעות כלים אמנותיים, ולא רצתה להיות כלי של פוליטיקה.
במילותיו של Lajos Kassák במאמר המגדיר שלו עבור כתב העת ""היום"" :


== הנצי",a4c9de8f-1d10-44d4-a650-49af637e7292,https://he.wikipedia.org/wiki/אקטיביזם_(אמנות),אקטיביזם (אמנות),Literature,מה היו הנימוקים העיקריים של לאיוש קשאק לטענה שעל האמנות להישאר מופרדת לחלוטין מהזירה הפוליטית בתקופה ההיא?,gemini_3_1_flash_lite,google/gemini-3.1-flash-lite-preview,
"אונגנייאו (בקוריאנית: 웅녀; הנג'ה: 熊女, פשוט כמשמעו: אשת-דוב) היה דוב שהפך לאישה על פי מיתוס בריאת העולם של האומה הקוריאנית.


== האגדה ==
על פי האגדה, נ",03c546bf-ff1d-407e-a98d-196e4968259c,https://he.wikipedia.org/wiki/אונגנייאו,אונגנייאו,Literature,אילו תכונות אנושיות או ערכים מוסריים היא מייצגת בתרבות הקוריאנית המודרנית מעבר להיותה דמות מיתולוגית?,gemini_3_1_flash_lite,google/gemini-3.1-flash-lite-preview,
"אלה כוללים: דו""חות מחקר ופרויקטים, דו""חות שנתיים או דו""חות פעילות, תזות, תהליכי ועידה, תדפיסים, ניירות עבודה, ידיעות טכניות, דוחות טכניים, המלצות ותקנ",af1a6b7b-4529-4d51-a53c-1090553cdf12,https://he.wikipedia.org/wiki/ספרות_אפורה,ספרות אפורה,Literature,אילו קריטריונים או תהליכי בקרה קובעים אם מסמך מסוים ראוי להיכלל תחת אחת מהקטגוריות הללו בארכיון או במאגר מידע מקצועי?,gemini_3_1_flash_lite,google/gemini-3.1-flash-lite-preview,
"מועדון ספר החודש (הוקם בשנת 1926) והאגודה הספרותית (הוקמה בשנת 1927) היו המפעלים הראשונים מסוג זה בארצות הברית. הם הפיצו יותר מ-200,000,000 עותקים חדש",02427a31-a0e8-4b0b-841f-8c8550610f99,https://he.wikipedia.org/wiki/מועדון_קריאה,מועדון קריאה,Literature,כיצד השפיעה הפעילות של מועדוני ספרים אלו על הרגלי הקריאה והתרבות הספרותית של הציבור האמריקאי באותה תקופה?,gemini_3_1_flash_lite,google/gemini-3.1-flash-lite-preview,
"דיקציה מתייחסת גם לטון ולנימת הדיבור המשמעותיים להבנת התוכן. תחומים בהם לרוב קיימת הקפדה על דיקציה הם: דיבור מול קהל, שירה, הדרכה, משחק ועוד.


== בספ",1dbbbd96-4c66-4e4d-ae96-33adce678e9b,https://he.wikipedia.org/wiki/דיקציה,דיקציה,Literature,כיצד לדעתך משפיעה הקפדה על דיקציה על האמינות והסמכותיות של הדובר בעיני הקהל שלו?,gemini_3_1_flash_lite,google/gemini-3.1-flash-lite-preview,
Setjetting (באנגלית: Setjetting; או כמשמעותו חופשת מיקום או חופשת אתרים) הוא אופנה של נסיעה ליעדים שהיו אתרי צילום של סרטים. דוגמאות כוללות סיור בלונד,468f9b43-ff76-4f42-88ae-8074e1351cdc,https://he.wikipedia.org/wiki/Setjetting,Setjetting,Cinema,"כיצד משפיעה התופעה של ""סט-ג'טינג"" על הכלכלה והפיתוח העירוני של יעדים קטנים או פחות מוכרים ברחבי העולם?",gemini_3_1_flash_lite,google/gemini-3.1-flash-lite-preview,
"רגלי הכיסא וידיותיו עשויים לרוב עץ ולעיתים נדירות יותר עשויים מתכת או פלסטיק.
הכיסא מתקפל, ונייד, דבר המאפשר להעבירו בקלות ובמהירות ממקום למקום. השימו",9680c0a4-eec5-4d0e-813d-110c35d27d2a,https://he.wikipedia.org/wiki/כיסא_במאים,כיסא במאים,Cinema,אילו שיקולים הנדסיים או עיצוביים מכריעים בבחירה בין שימוש בעץ לבין שימוש במתכת או פלסטיק לייצור כיסא מסוג זה?,gemini_3_1_flash_lite,google/gemini-3.1-flash-lite-preview,
FIAPF (באנגלית: International Federation of Film Producers Associations) הוא ארגון המורכב מ-36 אגודות חברות מ-30 המדינות המובילות בעולם בתחום האודיו-ו,58571e2f-33f7-4cec-9393-dffa24138766,https://he.wikipedia.org/wiki/FIAPF,FIAPF,Cinema,"אילו קריטריונים עומדים בבסיס ההחלטה לצרף מדינה מסוימת לארגון, וכיצד חברות בארגון זה משפיעה בפועל על תעשיית הקולנוע המקומית של אותה מדינה?",gemini_3_1_flash_lite,google/gemini-3.1-flash-lite-preview,
"מלייס הנהיג סרטים בני 15 דקות המציגים מספר סצנות.
בארצות הברית פעל חלוץ הקולנוע אדווין פורטר באולפני אדיסון. כשם שמלייס הוא אבי הבימוי וההפקה, כך פורט",9a03ad96-7c3a-4264-acf5-b7dd63f13654,https://he.wikipedia.org/wiki/ראינוע,ראינוע,Cinema,"כיצד השפיעו השיטות והסגנון של מלייס על עבודתו של פורטר באולפני אדיסון, והאם ניתן לראות בהם שותפים לדרך או דווקא יריבים אמנותיים?",gemini_3_1_flash_lite,google/gemini-3.1-flash-lite-preview,
"לפיכך, במחצית הראשונה של המאה ה-20, היווה הקולנוע את אמצעי תקשורת ההמונים היחיד לשידור תוכן מוסרט, ולכן נהגו לשדר באולמות הקולנוע, מלבד סרטים, גם תכני",aebfb385-4ada-4619-a49c-a880356970be,https://he.wikipedia.org/wiki/סדרת_קולנוע,סדרת קולנוע,Cinema,"אילו סוגי תכנים נוספים, מלבד סרטים, נהגו להקרין באולמות הקולנוע באותה תקופה כדי להעשיר את צרכנות המידע של הקהל?",gemini_3_1_flash_lite,google/gemini-3.1-flash-lite-preview,
"במאות ה-18 וה-19 נקשרה המילה יותר לדיווחים עובדתיים ולחקירה מבוססת ראיות, במקביל למקצועיות החקירה ההיסטורית, משמעות שעודנה מצויה בשימוש עכשווי. המשמעו",6f8f54f5-fd19-4687-ae24-c810ded5c9c3,https://he.wikipedia.org/wiki/היסטוריה,היסטוריה,History,אילו גורמים חברתיים או טכנולוגיים הובילו לשינוי התפיסתי שהפך את המילה המדוברת מכלי ספרותי או סיפורי לכלי המזוהה עם דיווח עובדתי ומדעי?,gemini_3_1_flash_lite,google/gemini-3.1-flash-lite-preview,
"אם נחזור אל השורשים של הגדרת המונח על ידי סוציולוגים, ניתן יהיה להגדיר את האידאולוגיה בעיקר על פי המבנה שלה, הדרישות שלה ממאמיניה, והדרך בה היא מגדירה",35959a40-458c-41e2-9b07-480f059eb9a7,https://he.wikipedia.org/wiki/אידאולוגיה,אידאולוגיה,History,באילו היבטים המבנה של אידאולוגיה מודרנית שונה מזה של אידאולוגיות היסטוריות כפי שהן הוגדרו על ידי סוציולוגים קלאסיים?,gemini_3_1_flash_lite,google/gemini-3.1-flash-lite-preview,
"במחקר שביצע ב-2013 עלה כי גם אוכלוסיות ששמרו על בידוד לאורך שנים ""הצליחו"" להיכנס לרשת הגנאלוגית הרחבה יותר שנפוצה בעולם כולו בדורות שלאחר מכן. כמו כן ",7b5887fe-3983-497a-aa87-1d70c40fe6af,https://he.wikipedia.org/wiki/גנאלוגיה,גנאלוגיה,History,אילו גורמים חברתיים או טכנולוגיים הובילו לפריצת הבידוד של אותן אוכלוסיות ולהשתלבותן במארג הגנטי העולמי?,gemini_3_1_flash_lite,google/gemini-3.1-flash-lite-preview,
באותן המאות היסטוריה הוגדרה כיכולת ספרותית בלבד. עם התפשטות הגישה ההיסטורית האמפירית שהיא מבוססת מקורות על ידי אסכולת ההיסטוריה של גטינגן בסוף המאה ה-,65391332-16c2-44a1-b4bf-5ab670cb88c0,https://he.wikipedia.org/wiki/מדעי_עזר_בהיסטוריה,מדעי עזר בהיסטוריה,History,כיצד השפיע המעבר מכתיבה ספרותית לגישה אמפירית על האמינות והיוקרה המקצועית של ההיסטוריונים באותה תקופה?,gemini_3_1_flash_lite,google/gemini-3.1-flash-lite-preview,
"(המאמר זמין לצפייה במאגר JSTOR לאחר הרשמה)
עוזי אלידע, ""אסכולת האנאל ותרבות הספר"", ספרות והיסטוריה, ר. כהן, י. מאלי (עורכים), ירושלים, החברה ההיסטורית",73ff4fae-7081-4c50-b9eb-de43b58b11d6,https://he.wikipedia.org/wiki/אסכולת_האנאל,אסכולת האנאל,History,"כיצד השפיעו תפיסות העולם של אסכולת ה""אנאל"" על האופן שבו היסטוריונים ישראלים חוקרים את תולדות עם ישראל?",gemini_3_1_flash_lite,google/gemini-3.1-flash-lite-preview,
"גובה עמוד הנוזל יחסי לעוצמת היחס בין האדהזיה והקוהזיה של הנוזל הנבדק. שיטה מקובלת לבדיקת משטחים, היא מדידת הזווית בנקודת במפגש בין טיפת הנוזל והמשטח. ",1a4ca35e-69cc-4479-be65-4e067673cc00,https://he.wikipedia.org/wiki/הידרופיליות,הידרופיליות,Biology,באילו מקרים מעשיים או בתעשיות אילו נעשה שימוש במדידת זווית המגע כדי לקבוע את תכונות המשטח?,gemini_3_1_flash_lite,google/gemini-3.1-flash-lite-preview,
"מאותו רעיון, שינויים אף ברמה המולקולרית יכולים להוביל לשינויים ברמה של היצור החי כולו. הבנה זו היא עניין חשוב לביצוע מחקרים מדעיים בתחומים רבים. לדוגמ",4bb709ef-50be-440f-8655-c7141ea87ea5,https://he.wikipedia.org/wiki/ארגון_ביולוגי,ארגון ביולוגי,Biology,באילו תחומים מדעיים ספציפיים ההבנה ששינויים מולקולריים משפיעים על היצור כולו הובילה לפריצות הדרך המשמעותיות ביותר בעת האחרונה?,gemini_3_1_flash_lite,google/gemini-3.1-flash-lite-preview,
"במציאות, הגבולות בין דיסציפלינות הם גמישים, ותחומי המחקר משתמשים לעיתים קרובות בטכניקות מתחומים אחרים. לדוגמה, ביולוגיה אבולוציונית נשענת במידה רבה על",46943008-f8f4-464e-bd82-36d4ca07e295,https://he.wikipedia.org/wiki/ביולוגיה,ביולוגיה,Biology,"באילו דרכים משתנה אופיו של המחקר המדעי כאשר משלבים בין שתי דיסציפלינות מרוחקות, ומהם הקשיים העיקריים שחוקרים נתקלים בהם בתהליך כזה?",gemini_3_1_flash_lite,google/gemini-3.1-flash-lite-preview,
"חומרים ותהליכים אנדוגניים הם אלה שמקורם במערכת חיה כגון אורגניזם, רקמה או תא.
לעומת זאת חומרים ותהליכים אקסוגניים הם אלה שמקורם מחוץ לאורגניזם.
לדוגמה",603955e2-9959-4c40-b3ca-17d359c42046,https://he.wikipedia.org/wiki/אנדוגני_(ביולוגיה),אנדוגני (ביולוגיה),Biology,"באילו מקרים עשוי להיות קושי לסווג תהליך מסוים כפנימי (אנדוגני) בלבד, בהתחשב בכך שרוב התהליכים הביולוגיים מושפעים מגורמים חיצוניים?",gemini_3_1_flash_lite,google/gemini-3.1-flash-lite-preview,
"בדוגמה לעיל, נאמר שיש אינטראקציה בין האלקטרון והפרוטון.
אפשר גם לומר שיש אינטראקציה בין שני החלקיקים שביניהם עבר חלקיק שלישי. בדוגמה לעיל, נאמר שיש אי",8a9e3bbb-8f34-4659-9017-b89f89a8ec24,https://he.wikipedia.org/wiki/אינטראקציה,אינטראקציה,Biology,כיצד משתנה אופי האינטראקציה בין שני החלקיקים ככל שהמרחק ביניהם גדל?,gemini_3_1_flash_lite,google/gemini-3.1-flash-lite-preview,
"PubChem הוא בסיס נתונים כימי ענק המכיל גם מידע אודות ההשפעות הביולוגיות של החומרים על אורגניזמים.
המאגר מנוהל על ידי המרכז הלאומי למידע ביוטכנולוגי (N",d8e3de8f-4a1f-4f10-88e5-f0d6ffa457b1,https://he.wikipedia.org/wiki/PubChem,PubChem,Chemistry,כיצד משפיע השימוש בבסיס הנתונים PubChem על תהליכי הפיתוח של תרופות חדשות בתעשיית הביוטכנולוגיה?,gemini_3_1_flash_lite,google/gemini-3.1-flash-lite-preview,
"ליד כל מידע נמצא המקור שממנו הוא נלקח, בדרך כלל ספר או עבודה של החוקרים; האמינות לפיכך היא מרבית.


== היסטוריה ==
המהדורה הראשונה של אינדקס מרק יצאה ",7fda2e77-102c-4c15-b1a7-5a182db544fe,https://he.wikipedia.org/wiki/אינדקס_מרק,אינדקס מרק,Chemistry,"אילו קריטריונים נוספים, מעבר למקורות הביבליוגרפיים, משמשים את עורכי האינדקס כדי להבטיח את אמינות המידע שמוצג בו?",gemini_3_1_flash_lite,google/gemini-3.1-flash-lite-preview,
מצב הצבירה של חומר מוגדר על ידי כמות האנרגיה הנמצאת במערכת ובאופי הקשרים בין האטומים או המולקולות. מצב צבירה מוצק מתאפיין בקשרים חזקים בין החלקיקים ול,934b8181-a159-4d32-87c5-05ac6bc059bb,https://he.wikipedia.org/wiki/כימיה,כימיה,Chemistry,"כיצד משפיעים שינויי לחץ חיצוניים, מעבר להשפעת האנרגיה התרמית, על המעבר בין מצבי הצבירה השונים?",gemini_3_1_flash_lite,google/gemini-3.1-flash-lite-preview,
"הליום (
  
    
      
        1
        
          s
          
            2
          
        
      
    
    {\displaystyle 1s^{2}}
  
) שייך פי",e484962a-de5c-40f2-92a1-b67e51ff1d31,https://he.wikipedia.org/wiki/בלוק_(כימיה),בלוק (כימיה),Chemistry,באילו נסיבות פיזיקליות או כימיות עשוי הליום לאבד את יציבותו האלקטרונית ולהגיב עם חומרים אחרים?,gemini_3_1_flash_lite,google/gemini-3.1-flash-lite-preview,
"כמה דוגמאות כוללות:

אנלוג קטכולאמין
אנלוג של GABA
אנלוג של סרוטונין


== ראו גם ==
נגזרת (כימיה)
אנלוג מצב מעבר


== קישורים חיצוניים ==
אנלוגים ב-Ch",37b901eb-15bd-44a9-b5c2-f64dc2976a27,https://he.wikipedia.org/wiki/אנלוג_מבני,אנלוג מבני,Chemistry,מדוע שינוי קטן במבנה המולקולרי של אנלוגים אלו משנה לעיתים קרובות את השפעתם הפרמקולוגית על המוח?,gemini_3_1_flash_lite,google/gemini-3.1-flash-lite-preview,
"הוא הסביר את גילויו בכתב העת Comptes rendus de l'Académie des Sciences: ""יצירת זרם חשמלי כאשר שתי פלטות פלטינה או זהב שקועות בתמיסה חומצית, נייטרלית א",68988af2-03c9-4ce5-81fb-d0109c4ddaf0,https://he.wikipedia.org/wiki/האפקט_הפוטו-וולטאי,האפקט הפוטו-וולטאי,Physics,אילו השלכות מעשיות היו לתגלית זו על הפיתוח של סוללות מודרניות או על הבנת התהליכים האלקטרוכימיים באותה תקופה?,gemini_3_1_flash_lite,google/gemini-3.1-flash-lite-preview,
"התברר שעבור המספרים 2, 10, 18, 36, 54... התקבלו כמויות גדולות של צברים - דבר המעיד על כך שצברים בגדלים אלו הם יציבים במיוחד. ההסבר שניתן לתופעה הוא שב",fdd33698-57cc-4a42-8bdf-9258e4dcce1b,https://he.wikipedia.org/wiki/מספר_קסם_(מדע),מספר קסם (מדע),Physics,אילו תכונות פיזיקליות של הצברים הללו הן אלו שמקנות להם יציבות יוצאת דופן דווקא במספרים אלו?,gemini_3_1_flash_lite,google/gemini-3.1-flash-lite-preview,
לכל מאורע פיזיקלי אפשר לתת (עד כדי עקרון אי הוודאות) מקום מסוים (כלומר: אוסף קואורדינטות) במרחב. המרחב הפיזיקלי מאופיין בתכונות שאנו רגילים אליהן מניס,49032937-ff02-4233-b3ba-ad5a6d5bbd7b,https://he.wikipedia.org/wiki/מרחב_תלת-ממדי,מרחב תלת-ממדי,Physics,כיצד משפיע עקרון אי-הוודאות על היכולת שלנו להגדיר את הקיום של עצמים ברמה הקוונטית בהשוואה לעולם המאקרוסקופי?,gemini_3_1_flash_lite,google/gemini-3.1-flash-lite-preview,
"בפילוסופיה ובפיזיקה הקדומה עלתה השערה, שמיוחסת לאריסטו, לפיה הטבע מתנגד לקיום ריק, מרווחים בתוך התווך הרציף בין הדברים. בלטינית השערה זו קיבלה את השם ",020d33b8-fbc2-4223-83b7-38bff1bac9ff,https://he.wikipedia.org/wiki/אימת_הריק_(פיזיקה),אימת הריק (פיזיקה),Physics,"כיצד השפיעה התפיסה הזו של אריסטו על התפתחות המדע המודרני ועל הדרך שבה פיזיקאים מבינים כיום את המושג ""ריק""?",gemini_3_1_flash_lite,google/gemini-3.1-flash-lite-preview,
"טכנולוגיות סונאר ומיפוי משמשות למיפוי קרקעית הים. וציוד דגימה קיים לאיסוף דגימות מים , משקעים ודגימות ביולוגיות מעומקים גדולים.


=== ההיסטוריה של חקר",c21209d1-6a60-4a65-8a06-d47bfbcf7a72,https://he.wikipedia.org/wiki/חקר_מעמקי_הים,חקר מעמקי הים,Physics,אילו אתגרים טכנולוגיים או לוגיסטיים מרכזיים מקשים על פעולות המחקר בקרקעית הים בהשוואה לחקר היבשה?,gemini_3_1_flash_lite,google/gemini-3.1-flash-lite-preview,
"במתמטיקה זמן בדיד וזמן רציף הם שתי גישות שבהן אפשר למדל משתנים התלויים בזמן. אפשר לנקוט גישות דומות גם עבור משתנים התלויים בגדלים אחרים, כגון ממדי המי",e519cbab-cd15-406f-93c7-fa549589652e,https://he.wikipedia.org/wiki/זמן_בדיד_וזמן_רציף,זמן בדיד וזמן רציף,Mathematics,כיצד ניתן להחליט באיזו גישה (בדידה או רציפה) כדאי לבחור כאשר רוצים למדל תופעה פיזיקלית מורכבת במציאות?,gemini_3_1_flash_lite,google/gemini-3.1-flash-lite-preview,
"כתוצאה מכך, ומהתפתחויות בשדה המתמטיקה האקדמית, הוחלט לשנות את חומרי הלימוד במתמטיקה ולשלב חומרים מתמטיים מתקדמים ומופשטים, כגון חבורות ותורת הקבוצות, ",c4ddcff2-b243-40b1-ad28-f579fcd0e7e3,https://he.wikipedia.org/wiki/הוראת_המתמטיקה,הוראת המתמטיקה,Mathematics,אילו קשיים או התנגדויות עלו מצד מורים ותלמידים בעת הטמעת התכנים המופשטים הללו בתוכנית הלימודים?,gemini_3_1_flash_lite,google/gemini-3.1-flash-lite-preview,
"מבחינים בין המצבים 
  
    
      
         
        X
        <
        a
      
    
    {\displaystyle \ X<a}
  
 ו - 
  
    
      
        X
   ",a05017fd-e29f-4e4b-9f0f-c93e3488139f,https://he.wikipedia.org/wiki/ציר_המספרים,ציר המספרים,Mathematics,"מדוע בבואנו לנתח התפלגות של משתנה מקרי, ישנה חשיבות מתמטית או יישומית להבחנה דווקא בנקודה $a$ בין שני המצבים הללו?",gemini_3_1_flash_lite,google/gemini-3.1-flash-lite-preview,
"שלוש אבני דרך בתחום במאה ה-20 היו משפטי האי-שלמות של גדל, מערכת פאנו ובעיית הבחירה של הילברט, אשר נפתרה על ידי אלן טיורינג.
במטא-מתמטיקה, משתמשים לעית",8f9d954f-9a3a-4638-aaad-268bcc12f2a4,https://he.wikipedia.org/wiki/מטא-מתמטיקה,מטא-מתמטיקה,Mathematics,כיצד השפיעו התגליות של גדל וטיורינג על התפיסה הפילוסופית של גבולות היכולת של המתמטיקה והלוגיקה?,gemini_3_1_flash_lite,google/gemini-3.1-flash-lite-preview,
"חברי הנבחרת מתאמנים יחד לקראת תחרויות מתמטיקה בין-לאומיות, אליהן נשלחים מצטייני הנבחרת כדי לייצג את ישראל. תחרות המתמטיקה העיקרית היא אולימפיאדת המתמט",769eeba8-507e-4ebf-adb5-75768592da0a,https://he.wikipedia.org/wiki/נבחרת_ישראל_במתמטיקה,נבחרת ישראל במתמטיקה,Mathematics,"אילו כישורים אישיים או תכונות אופי, מעבר ליכולת מתמטית טכנית, נדרשים מחברי הנבחרת כדי להצליח בייצוג של ישראל בתחרויות בינלאומיות?",gemini_3_1_flash_lite,google/gemini-3.1-flash-lite-preview,
"פסקל כתב:
”אם יש אלוהים, הרי הוא רחוק לאין-סוף מהשגתנו, כיון שמהיותו נעדר חלקים ונעדר גבולות אין לו כל יחס-ודמיון אלינו. אין אנו עלולים איפוא לדעת לא ",51b0e03c-fd7a-452c-ab52-2266372f55c4,https://he.wikipedia.org/wiki/אינסוף_(פילוסופיה),אינסוף (פילוסופיה),Philosophy,כיצד לדעת פסקל אמור אדם לחיות את חייו אם האל הוא אכן ישות כה נשגבת ובלתי ניתנת להשגה?,gemini_3_1_flash_lite,google/gemini-3.1-flash-lite-preview,
"בתחום החוק עיקרון זה מחייב כי גם בעלי תפקידים רשמיים יהיו כפופים לאותם כללים להם כפופים שאר האזרחים. באתיקה אישית, עיקרון זה קובע שאין לנהוג על פי כלל",58023d58-00b9-454d-8e29-85f023f54df6,https://he.wikipedia.org/wiki/יושרה,יושרה,Philosophy,כיצד ניתן ליישב את עקרון השוויון בפני החוק עם הצורך להעניק סמכויות מיוחדות או חסינויות לבעלי תפקידים רשמיים כדי לאפשר להם לבצע את עבודתם?,gemini_3_1_flash_lite,google/gemini-3.1-flash-lite-preview,
"אנטיתזה או אנטיתזיס (ביוונית ἀντίθέσις ניגוד. אנטי - נגד, תזה - עמדה) היא ניגוד ישיר או הפך מדויק למשהו. לדוגמה: גיהנום אנטיתזה לגן עדן; אי-סדר אנטיתז",0afd9610-62fb-46c0-a595-f6eef986b0b3,https://he.wikipedia.org/wiki/אנטיתזה,אנטיתזה,Philosophy,כיצד השימוש באנטיתזה משפיע על האופן שבו הקורא תופס רעיונות מופשטים בהשוואה להצגתם כטענה בודדת?,gemini_3_1_flash_lite,google/gemini-3.1-flash-lite-preview,
"צליל הוא התחושה שנוצרת באוזן כאשר יש תנודות באוויר."" גם המגזין ""סיינטיפיק אמריקן"" הציג את השאלה בגרסה דומה, תוך התעלמות מהזווית הפילוסופית.


== ראו ג",ef0649e1-c512-4ed4-9ef1-c99e405c47fe,https://he.wikipedia.org/wiki/אם_עץ_נופל_ביער,אם עץ נופל ביער,Philosophy,אילו גורמים סובייקטיביים או פיזיולוגיים נוספים משפיעים על האופן שבו המוח שלנו מפרש את אותן תנודות אוויר לכדי צליל שאנו מסוגלים לזהות?,gemini_3_1_flash_lite,google/gemini-3.1-flash-lite-preview,
"הוא הוצג בלטינית בספרו ""עקרונות הפילוסופיה"" שיצא לאור ב-1644.
בשנת 1641, בספרו הגיונות על הפילוסופיה הראשונית, הציג דקארט את המשפט בנוסח ""אני חושב, אנ",3cbc4d13-7363-442b-b871-4df2787420df,"https://he.wikipedia.org/wiki/אני_חושב,_משמע_אני_קיים","אני חושב, משמע אני קיים",Philosophy,מדוע בחר דקארט להציג את המשפט המפורסם שלו בשני נוסחים שונים ובשני ספרים שונים בהפרש של שנים ספורות?,gemini_3_1_flash_lite,google/gemini-3.1-flash-lite-preview,
"המונח ""דת ממסדית"" מתייחס לקבוצה או ארגון דתי, ומשחק תפקיד מרכזי בתרבויות שונות. ""דת אישית"", לעומת זאת, היא התייחסות לחוויות רוחניות אישיות שאדם חווה ו",e14d534c-5168-4c38-aa36-65afb08c37bf,https://he.wikipedia.org/wiki/החוויה_הדתית_לסוגיה,החוויה הדתית לסוגיה,Religion,כיצד משפיעה הדינמיקה בין דת ממסדית לדת אישית על תהליכי גיבוש הזהות של הפרט בחברה המודרנית?,gemini_3_1_flash_lite,google/gemini-3.1-flash-lite-preview,
"ulango או simbahan בטאגאלוג; tangpap, pangkew, או alalot (עבור מזבחות גג קטנים שונים), balaua או kalangan (עבור מבנים גדולים יותר) ב-Itneg; maligai בס",ba982cde-ce13-49a4-801c-75b163b52016,https://he.wikipedia.org/wiki/בית_רוח,בית רוח,Religion,אילו הבדלים תרבותיים או טקסיים הובילו ליצירת מגוון רחב כל כך של מונחים לשמות של מבנים ומזבחות בקרב דוברי השפות הללו?,gemini_3_1_flash_lite,google/gemini-3.1-flash-lite-preview,
פאולוס מתייחס לתופעת ההיירוגמיה בקורינתוס באיגרת הראשונה אל הקורינתים ”הֲלֹא יְדַעְתֶּם כִּי הָרְשָׁעִים לֹא יִירְשׁוּ אֶת־מַלְכוּת הָאֱלֹהִים אַל־תַּ,2b2e8814-a99a-4eea-a63f-8a7b660e6897,https://he.wikipedia.org/wiki/היירוגמיה,היירוגמיה,Religion,כיצד השפיעו תפיסותיו של פאולוס בנושא מיניות וקדושה על עיצוב המוסר הנוצרי בקהילות המוקדמות מחוץ להקשר של קורינתוס?,gemini_3_1_flash_lite,google/gemini-3.1-flash-lite-preview,
"לעומת זאת, התנועה החדשה בדרך כלל, ראתה חשיבות ואף אפשרות להתעלות רוחנית גם דרך דברים גשמיים. רעיון זה של עבודת ה' בגשמיות החריד את המתנגדים, שראו ערך ",8474da56-6b45-4f85-97dc-5fab6608235f,https://he.wikipedia.org/wiki/ביקורת_על_היהדות,ביקורת על היהדות,Religion,"כיצד השפיעה התפיסה של ""עבודת ה' בגשמיות"" על אורח החיים היומיומי של חסידים בהשוואה לדרכם של המתנגדים?",gemini_3_1_flash_lite,google/gemini-3.1-flash-lite-preview,
"מסקנתם: מדינות הפכו לחילוניות לפני שהחלו להצליח כלכלית, אך ייתכן שהגורם המרכזי לאותה הצלחה הוא דווקא עלייה בסובלנות. סובלנות גורמת לשילוב נשים וקהילת ",0c753d7a-33a6-45f0-9c9b-c99a31eaf552,https://he.wikipedia.org/wiki/דת,דת,Religion,"באילו דרכים נוספות, מעבר לשילוב נשים וקהילות מיעוט, משפיעה עלייה בסובלנות חברתית על הצמיחה הכלכלית של מדינה?",gemini_3_1_flash_lite,google/gemini-3.1-flash-lite-preview,
"דחיית הפלורליזם והרלטיביזם מחזקת את ההתאחדות סביב הדוגמה המרכזית ומשמרת את האחדות וההומוגניות החברתית.


=== הגברת החומות והניתוק מה""חוץ"" ===
החברה הס",80efc0a1-aac1-4567-a56e-94f6540b4970,https://he.wikipedia.org/wiki/חברה_סגורה,חברה סגורה,Society,באילו דרכים משפיעה השאיפה להומוגניות חברתית על הדינמיקה הפנימית של הקבוצה ועל יחסיה עם מי שאינם משתייכים אליה בטווח הארוך?,gemini_3_1_flash_lite,google/gemini-3.1-flash-lite-preview,
"בני אדם התאספו ויצרו ציבור המקיים דיון על סוגיות כלכליות ופוליטיות. מרחב זה משמש כמתווך בין המדינה, בה הם אזרחים לבין צורכיהם כבני אדם פרטיים.
הברמאס ",24883d01-eb94-4129-afbe-a95bf51e756e,https://he.wikipedia.org/wiki/הספרה_הציבורית,הספרה הציבורית,Society,"כיצד לדעתך משפיעים העידן הדיגיטלי והרשתות החברתיות על יכולתו של אותו ""מרחב ציבורי"" לקיים דיון ענייני ומאוזן כיום?",gemini_3_1_flash_lite,google/gemini-3.1-flash-lite-preview,
"בדרך זו ניתן לסנן מראש את בני הזוג הפוטנציאלים על פי גיל, אזור מגורים, תחומי עניין משותפים ועוד.
ספיד דייטינג: מפגש של קבוצת אנשים במשך שעות אחדות. במ",67177255-fa4c-40a1-8fac-66a61870c43d,https://he.wikipedia.org/wiki/דייט,דייט,Society,"אילו אתגרים פסיכולוגיים עלולים לצוץ אצל משתתפים שמעדיפים להכיר בני זוג דרך סינון מוקדם לעומת אלו המעדיפים מפגשי ""ספיד דייטינג"" ספונטניים?",gemini_3_1_flash_lite,google/gemini-3.1-flash-lite-preview,
"משרד ויטקובסקי-כנעני עצמו נוצר ממיזוג של שני משרדים שנה קודם.
בספטמבר 2003 משרד זיו-האפט התמזג עם משרד לוטקר-שטיין-טולדנו.
במאי 2005 פעילות הייעוץ של ",08cb45d9-13e9-47e2-923d-089f4981f67b,https://he.wikipedia.org/wiki/BDO,BDO,Society,אילו גורמים עסקיים או אסטרטגיים הובילו את המשרדים השונים לבחור דווקא במיזוגים הללו כדרך פעולה לצמיחה באותה תקופה?,gemini_3_1_flash_lite,google/gemini-3.1-flash-lite-preview,
"""חזון הקומוניזם של מרקס"", מרקסיזם דיאלקטי, אוניברסיטת ניו יורק.
ריגי, יעקב. ""הפקה עמית לעמית כאלטרנטיבה לקפיטליזם: אופק קומוניסטי חדש"", כתב עת להפקת ע",1f7edd56-1b82-455b-a0b7-e43c2264e09c,https://he.wikipedia.org/wiki/חברה_קומוניסטית,חברה קומוניסטית,Society,"כיצד משפיעה הופעתן של טכנולוגיות דיגיטליות על התכנות המעשי של חזון קומוניסטי בעידן המודרני, בהשוואה למודלים הכלכליים שדמיין מרקס במאה ה-19?",gemini_3_1_flash_lite,google/gemini-3.1-flash-lite-preview,
"
ההשפעה של שינויים בשערי חליפין תהיה נמוכה יחסית, ולכן התמריץ לאיחוד מוניטרי יהיה גבוה יותר, בתנאים הבאים:

פתיחות לסחר הדדי – ככל שהפתיחות גדולה יותר",39639fe4-199b-4c4d-a7ba-1f667868c58f,https://he.wikipedia.org/wiki/איחוד_מוניטרי,איחוד מוניטרי,Economy,"באילו דרכים נוספות, מעבר לפתיחות לסחר, עשויים שינויים במדיניות המוניטרית להפחית את התלות של מדינה בתנודות בשערי החליפין שלה?",gemini_3_1_flash_lite,google/gemini-3.1-flash-lite-preview,
אבטלה כזו אופיינית לתעסוקה בתחומי החקלאות והבניין. אבטלה עונתית מסוג ייחודי אופיינית למקצועות בהם מרבים לעסוק צעירים וסטודנטים בראשית דרכם בשוק העבודה,a6383106-f09b-46fd-935b-6a155c9e4c02,https://he.wikipedia.org/wiki/אבטלה,אבטלה,Economy,אילו צעדים יכולים לנקוט צעירים וסטודנטים כדי לצמצם את אי-הוודאות הכלכלית הנובעת מאופי העבודה העונתי?,gemini_3_1_flash_lite,google/gemini-3.1-flash-lite-preview,
"בהמשך נעשה ניסיון גרמני בתקופת מלחמת העולם השנייה להשתלט על משאבי מתכת ונפט, ובימינו מתבצעים מאבקים על השליטה במכרות הליתיום, הכרום והאורניום הטמונים ",e4e56c42-0286-470a-81e9-82205920b092,https://he.wikipedia.org/wiki/אוצר_טבע,אוצר טבע,Economy,אילו השלכות גיאופוליטיות צפויות למדינות שאין בשטחן מרבצי מחצבים קריטיים לעידן הטכנולוגי הנוכחי?,gemini_3_1_flash_lite,google/gemini-3.1-flash-lite-preview,
"בשנים האחרונות נעשים ניסיונות מכוונים מצד ממשלת ישראל על מנת להגדיל שיעור זה.
גם בקרב המגזר הערבי קיים פער בין שיעור המועסקים בין גברים לנשים, אך אצלו",2979c5f0-deac-474d-963b-b9e09d63fb4b,https://he.wikipedia.org/wiki/אפליה_כלכלית,אפליה כלכלית,Economy,"אילו צעדים מעשיים נוקטת הממשלה כדי לצמצם את הפער התעסוקתי הזה, והאם הם מראים סימני הצלחה בשטח?",gemini_3_1_flash_lite,google/gemini-3.1-flash-lite-preview,
"פסק הדין ניתן טרם כניסתו לתוקף של חוק יסוד: ישראל מדינת הלאום של העם היהודי, ולפיכך ההלכה עוד עשויה להתהפך בעתיד בשל סעיף 7 לחוק היסוד שמגדיר התיישבות",122ba71d-e097-4910-99a6-82eedc762c79,https://he.wikipedia.org/wiki/אפליה_קניינית,אפליה קניינית,Economy,כיצד לדעתך צפויה להשתנות הפסיקה בבתי המשפט בעקבות ההסתמכות על סעיף 7 לחוק יסוד: ישראל מדינת הלאום של העם היהודי?,gemini_3_1_flash_lite,google/gemini-3.1-flash-lite-preview,
"לשיטתו, אין מדובר בשאלה האם ""המטרה מקדשת את האמצעים"", שכן ייתכן שאסטרטגיות אחרות לאיחוד המדינה היו מובילות אף הן לתוצאות חמורות. זהו מצב של ידיים מלוכ",76fefe22-672a-42c9-b2c7-5adfe075acd1,https://he.wikipedia.org/wiki/בעיית_הידיים_המלוכלכות,בעיית הידיים המלוכלכות,Politics,"אילו חלופות איסטרטגיות אחרות היו עומדות בפני הנהגת המדינה באותה עת, וכיצד הן היו צפויות להשפיע על המצב החברתי לטווח הארוך?",gemini_3_1_flash_lite,google/gemini-3.1-flash-lite-preview,
"האמברגו הסתיים בשנת 1989. בתקופה זו רכשה ארגנטינה נשק ממזרח אירופה ומישראל.


=== ארצות הברית ===
בשנת 1966, כמחאה על מלחמת וייטנאם, שוודיה הטילה אמבר",d2e2ec83-bc3f-45a5-b3b9-a52304909ed0,https://he.wikipedia.org/wiki/אמברגו_נשק,אמברגו נשק,Politics,אילו שיקולים פוליטיים או אסטרטגיים הובילו את ארגנטינה לבחור דווקא בשווקים של מזרח אירופה וישראל לצורך הצטיידות צבאית באותה תקופה?,gemini_3_1_flash_lite,google/gemini-3.1-flash-lite-preview,
"האגודה עודדה גם חרם על מוצרים ישראליים.
בסוף שנת 2008 החלה האגודה לאסוף כספים עבור תושבי רצועת עזה.


=== במלחמת חרבות ברזל ===
בשנת 2023, למחרת טבח ש",be56a7d3-f29f-44c7-a30a-9c0047f3f1f1,https://he.wikipedia.org/wiki/אגודת_איסלנד-פלסטין,אגודת איסלנד-פלסטין,Politics,"אילו השלכות משפטיות או ציבוריות ננקטו נגד האגודה בעקבות פעילותה בתקופת מלחמת ""חרבות ברזל""?",gemini_3_1_flash_lite,google/gemini-3.1-flash-lite-preview,
"בתחרות בחירות בין שני מועמדים, המרכוז בעמדת החציון הוא חיוני להצלחה.


== שיקולי העדפות של הבוחר הרציונלי ==
במודל של דאונס הבוחרים משמשים כנתון קבוע,",ed5ddf42-0584-4059-8308-ec94c37ccdc9,https://he.wikipedia.org/wiki/הבוחר_החציוני,הבוחר החציוני,Politics,"אילו גורמים נוספים, מלבד מיקום על הציר האידיאולוגי, משפיעים על נטייתו של הבוחר הרציונלי לסטות מהעדפותיו המקוריות לטובת מועמד שמרכז את עמדתו?",gemini_3_1_flash_lite,google/gemini-3.1-flash-lite-preview,
אתיקה פוליטית (ידועה גם כמוסר פוליטי או אתיקה ציבורית) היא הנוהג של קבלת שיפוטים מוסריים לגבי פעולות פוליטיות וסוכנים פוליטיים. היא מכסה שני תחומים: א,5d3e516e-2e8c-4b98-aab7-75901dec6cca,https://he.wikipedia.org/wiki/אתיקה_פוליטית,אתיקה פוליטית,Politics,באילו מצבים נוצרת התנגשות בלתי נמנעת בין שיקולים של יעילות פוליטית לבין עקרונות האתיקה הציבורית?,gemini_3_1_flash_lite,google/gemini-3.1-flash-lite-preview,
"שמשמשת בגילוי ובמדידת קישור בין נוגדנים ואנטיגנים. עוד סוג של אימונואיסיי ללא סמנים מבוצע באמצעות מדידת השינוי בהתנגדות על אלקטרודה, כאשר אנטיגן נקשר ",39fa6c73-0fb6-4704-b108-2aa396986704,https://he.wikipedia.org/wiki/אימונואסיי,אימונואסיי,Medicine,באילו מקרים או תרחישים עדיף להשתמש בשיטת אימונואיסיי ללא סמנים על פני שיטות המבוססות על סמנים פלואורסצנטיים או רדיואקטיביים?,gemini_3_1_flash_lite,google/gemini-3.1-flash-lite-preview,
"אשפוז הוא שהות של אדם במחלקת אשפוז בבית חולים, כלומר מחלקה המיועדת להלנת מטופלים במשך זמן לצורך השגחה, בדיקה ו/או טיפול רפואיים, ושבה נמצאים החדרים, כ",11319934-944d-47f9-b8e5-3cda00fe3d6a,https://he.wikipedia.org/wiki/אשפוז,אשפוז,Medicine,אילו שיקולים רפואיים או מנהליים קובעים את משך הזמן המדויק שבו מטופל נדרש להישאר באשפוז לעומת קבלת טיפול בקהילה?,gemini_3_1_flash_lite,google/gemini-3.1-flash-lite-preview,
"מיכאל סרווטוס, ספרדי שהתגורר בצרפת גילה במאה ה-16 את מחזור הדם הקטן (או גם מחזור הדם הריאתי).
במאה ה-17 החלה הרפואה להתקדם, בהישענה על המדעים האחרים:
",445aff7a-5b52-4d06-982c-db44fc7d21e4,https://he.wikipedia.org/wiki/רפואה,רפואה,Medicine,אילו כלים או תגליות מדעיות מתחומי המדע האחרים היוו את בסיס הקפיצה המשמעותית של הרפואה במאה ה-17?,gemini_3_1_flash_lite,google/gemini-3.1-flash-lite-preview,
"את הבקשה להוספיס בית ניתן להעביר לרופא המשפחה או לצוות המחלקה בבית החולים.


== ראו גם ==
ביטוח בריאות ממלכתי
חוק ביטוח בריאות ממלכתי
ארגון הבריאות הע",e6f62968-2464-4ecd-9367-6674f1f19953,https://he.wikipedia.org/wiki/אשפוז_בית,אשפוז בית,Medicine,אילו קריטריונים רפואיים או תפקודיים חייב מטופל לעמוד בהם כדי שרופא המשפחה יאשר את בקשתו למעבר להוספיס בית?,gemini_3_1_flash_lite,google/gemini-3.1-flash-lite-preview,
"IGF-1 ממלא תפקיד חשוב בבניית הגוף והאיברים השונים בעת הגדילה, וגם בתהליכים אנאבוליים (בונים) בגוף, לאחר גמר הגדילה. הגן DAF-2 ממלא אם כן את התפקיד המש",bb85d0d8-f370-4a29-aeed-65e4b1610981,https://he.wikipedia.org/wiki/DAF-2,DAF-2,Medicine,כיצד משפיעה פעילות מוגברת של הגן DAF-2 על תהליך ההזדקנות והיקף תוחלת החיים בבעלי חיים?,gemini_3_1_flash_lite,google/gemini-3.1-flash-lite-preview,
"כיום נהוגה שיטה זו בכל הארץ.
כיום נשמעת ביקורת על הפעלת שיטה זו בתוך העיר, מכיוון שהיא מתחשבת ברכב הפרטי בלבד ותוך כך פוגעת ביעילות התחבורה הציבורית, ",d9fe6675-dfbc-4f59-b844-ae93aac2fefb,https://he.wikipedia.org/wiki/גל_ירוק,גל ירוק,Transportation,אילו חלופות תחבורתיות מוצעות כיום כדי להחליף את השיטה הזו ולשפר את הניידות בתוך המרחב העירוני?,gemini_3_1_flash_lite,google/gemini-3.1-flash-lite-preview,
"לעומת זאת, שטח לצד הכביש המיועד רק לעצירה ולמנוחה, או שבו שירותים בסיסיים בלבד, כגון בתי שימוש או שולחנות פיקניק, מכונה בדרך כלל בשם ""אזור מנוחה"".   
",886ae274-8660-4cec-8734-385c34c40c81,https://he.wikipedia.org/wiki/אזור_שירות,אזור שירות,Transportation,"מהם הקריטריונים המקצועיים שקובעים אם מתחם דרכים יוגדר כ""אזור מנוחה"" בסיסי או כמרכז שירותים מתקדם הכולל תחנת דלק ומסעדות?",gemini_3_1_flash_lite,google/gemini-3.1-flash-lite-preview,
"מאוחר יותר, כשביית האדם בהמות בית, היה מעמיס עליהן משא ואף רוכב על גבן, וכך היה יכול לעבור מרחקים גדולים. ביות בעלי חיים אלו עזר מאוד לאדם, אך כושר הנ",7e121651-0207-4807-842a-2639fa452442,https://he.wikipedia.org/wiki/תחבורה,תחבורה,Transportation,אילו השלכות חברתיות או כלכליות היו לשימוש בבהמות משא על מבנה היישובים והקשרים בין קהילות מרוחקות באותה תקופה?,gemini_3_1_flash_lite,google/gemini-3.1-flash-lite-preview,
"חברות התעופה עובדות לעיתים בשיתוף פעולה כדי לתאם מחירים או על מנת לשתף משאבים (במינוח מקצועי: ""שותפות קוד"" Code Sharing).
פעילות בין-לאומית של חברות ה",7fed3621-ab3b-4108-95e9-2e414765fdf9,https://he.wikipedia.org/wiki/חברת_תעופה,חברת תעופה,Transportation,"באילו דרכים משפיעים שיתופי פעולה דוגמת ""שותפות קוד"" על חוויית השירות והבחירה של הצרכן הסופי לעומת טיסה בחברה יחידה?",gemini_3_1_flash_lite,google/gemini-3.1-flash-lite-preview,
"דֶרֶךְ היא רצועת ארץ אשר מחברת בין שני מקומות או יותר, ומיושרת או מוכשרת באופן אחר כדי לאפשר מעבר ותנועה של תחבורה. המונח מתייחס גם לשביל שעצם התנועה ",48360aa4-49e2-4dda-9fa8-88349065a3a5,https://he.wikipedia.org/wiki/דרך,דרך,Transportation,"כיצד משתנה הגדרת ה""דרך"" כשאנו עוברים מתשתיות תחבורה פיזיות למרחבים דיגיטליים או מושאלים?",gemini_3_1_flash_lite,google/gemini-3.1-flash-lite-preview,
